{"mean": [602.917190876167, 39900.99239631336, 14121.09792626728, 7.396543778801843, 190.8886216127939, 100.44826844173262, 9491.607264540984, 10.47360594018951, 131.8309118309592, 22198.38477183082, 0.2771889400921659, 0.347926267281106, 0.11509216589861751, 0.1282258064516129, 0.1175115207373272, 0.0, 0.4284562211981567, 4.55852534562212, 3.092925116379314, 25677.404857448328, 15051.458609760586, 552.9195283181589, 548.9376480513113, 1251.432398221605, 70.13841234710183, 501.1899715096807, 125.64664370579214, 1248.2370383232237, 69.8034368978089, 501.2882084007169, 125.48461041210464, 1748.3906726883006, 62015.88842677626, 0.5022750128347191, 0.24890433727567132, 0.4486175115207373, 2606.179608294931, 2018.4269585253455, 0.004032258064516129, 0.00195852534562212, 0.5121571945429496, 0.46599417833242207, 0.4378906704745846, 0.0016119712433110612, 0.01013604434514628, 0.002768234715744229, 0.009243356375785734, -0.0011440780044055237, -0.0010189845323225726, -0.005824744266897927, -0.0022053272233202655, 0.002840291882892859, -0.0002786455758744389, -0.0072156275457424205, 0.001527851829246557, 0.006149385303675127, 0.003756517597496531, 0.005054796937321445, 0.0025335541038536825, -0.007431360528631329], "scale": [2462.058020065382, 18584.595557730416, 19312.135474551153, 3.6621915625358077, 265.950099197347, 281.48676239835254, 21406.04903403063, 18.805454858408797, 304.9395398586839, 29806.59952981346, 0.44761058028462414, 0.47631248127354936, 0.3191331371816353, 0.33434106689347376, 0.3220288236032689, 1.0, 0.8459425600498875, 19.645681357033325, 2.9128917532617655, 14139.757944774297, 8488.072187810598, 258.42868224968345, 258.1749397173356, 144.48628702907695, 17.238290804620423, 172.9248639713823, 43.39860752377554, 145.13359718798185, 17.383718468974873, 173.73897094362025, 43.39068470205536, 6862.378231016023, 239753.06165593935, 0.2872954915269922, 0.14307578318156508, 0.8923047495923382, 7519.02358601055, 6178.439225361471, 0.06337190986089611, 0.04421187085040067, 1.201501350310965, 0.9450777842998384, 0.9950807417195708, 0.6332743032600636, 0.6422114815048717, 0.6331633617229563, 0.6400639764200627, 0.6467983343360479, 0.6217423205089018, 0.634488628381853, 0.65593028151688, 0.6326159653285411, 0.6316522352390445, 0.6347716543733924, 0.6367159144458109, 0.6432753149961264, 0.6441078374268724, 0.6246037822864524, 0.6351582545621423, 0.62071281831294]}