{"mean": [1.2803776578808295, 1.146382229680376, 1.0770098490575704, 0.0033408272990400043, 0.021914179017485703, -0.00032954780782857917, -0.00717629512139145, 0.0008192451594028845, -0.0091105691748171, -0.01372636569174113, -0.014243449036985696, 0.0013474472242274171, 0.0019688412091113583, -0.023295056710318257, 0.007784026896160001, 0.007526951825474294, 0.02440308627439713, 0.005678396166417186, -0.0021108570864714397, 0.00028395410316573225], "scale": [1.6327818214520753, 1.206082423570428, 1.3368746026171543, 0.9862244089645492, 0.9952518452303811, 0.9979789859280658, 1.0198009105477084, 1.0087109780226065, 0.9837699739947781, 0.9823938469248354, 1.0293100562758493, 1.012286853426675, 1.005206486143521, 0.9853792649633635, 0.995628186788568, 1.0148932757831655, 1.0205442376021086, 1.0010044213012712, 0.9989799778449452, 0.9898554666211947]}