{
  "mean": [
    53532.01266666667,
    2777.458,
    8.185333333333332,
    298.48245833204476,
    112.9961664360223,
    15760.756719463361,
    17.42049428545567,
    192.348,
    35033.94566666667,
    0.545,
    0.594,
    0.24366666666666667,
    0.266,
    4.169366830806043,
    1.844,
    10681.07,
    8257.838,
    0.017333333333333333,
    0.008666666666666666
  ],
  "scale": [
    12317.99206258226,
    5691.615155785687,
    4.388961709663105,
    299.3795497922552,
    263.04709044810727,
    28255.739990773247,
    30.305679345091356,
    362.4529857733276,
    35793.868457889745,
    0.49797088268291345,
    0.49108451411136966,
    0.42929386464544567,
    0.44186423254207846,
    1.5831908884599755,
    0.833265063870235,
    12062.693194740275,
    10213.15131447795,
    0.13051011029375806,
    0.09269064437987015
  ],
  "feature_names": [
    "src_port",
    "dst_port",
    "protocol",
    "packet_size",
    "packet_rate",
    "byte_rate",
    "flow_duration",
    "total_packets",
    "total_bytes",
    "tcp_flags_syn",
    "tcp_flags_ack",
    "tcp_flags_fin",
    "tcp_flags_rst",
    "entropy",
    "conn_state",
    "src_bytes",
    "dst_bytes",
    "wrong_fragment",
    "urgent"
  ]
}