{"mean": [803.5672148573184, 35421.56048632219, 18042.788145896655, 7.140121580547112, 156.5608122161864, 95.1856233567625, 7621.908985397167, 8.249263250770534, 114.34654325658407, 18123.706049370638, 0.1986322188449848, 0.2729483282674772, 0.07887537993920973, 0.08009118541033435, 0.15835866261398177, 0.0, 0.5700607902735563, 6.111550151975684, 2.770641112300702, 25410.388915266012, 15396.213622252184, 543.2395628804355, 549.7867615475209, 1250.1453601784835, 69.9961147547675, 499.1073255163793, 125.02371935500314, 1251.6975663443868, 70.24395001398956, 500.2547768542739, 125.78561956773126, 1583.5961211653444, 61332.130941396106, 0.5059461544468288, 0.24866253993180426, 0.6679503176631754, 0.5934495576369776, 0.5648090447432815, 0.007063634832036467, 0.010001770987480242, -0.0007221388453252278, 0.004690466446521273, -0.010874026661313086, 0.0031624317726504764, -0.0012175074525614118, 0.0030403081560942246, 0.0066855511484431775, -0.00010380688518387986, -0.011372018296856216, 0.008756843618990881, 0.0018129374170972406, 0.00017810380130547075, 0.0004337714705714079, 0.0004341087291033421, 0.0024845117477173143], "scale": [2808.8225988486465, 17910.357024535882, 20981.891787198656, 3.352828681515024, 243.52275363987397, 281.078677584183, 18296.375651823637, 12.26311334213251, 284.5905602147714, 26315.751206525052, 0.3989705007662738, 0.4454745092185251, 0.26954416034974643, 0.27143431512965643, 0.3650769735125446, 1.0, 0.931931188975535, 22.541883078701204, 3.1450086781599893, 14137.508778972071, 8552.364794015202, 258.6342458265857, 258.0161681377746, 143.3816529877359, 17.459252411408592, 173.48910590515797, 43.132172600418734, 145.31262528408456, 17.331884811811992, 172.96742127661935, 43.33494761962571, 5643.540531240032, 248415.94284683143, 0.290814694409639, 0.1428425386831055, 1.3325575970359236, 1.035333881170917, 1.1036196996563308, 0.7162383739068987, 0.7254505202261565, 0.7220660947979957, 0.734198804962993, 0.7229200578067253, 0.7134051022000912, 0.7234512954538723, 0.75114999866656, 0.7302972555157652, 0.7202067548237572, 0.7285264809848493, 0.7153080845854605, 0.7339790797078362, 0.7362243120899634, 0.7267143441422977, 0.7255855005747646, 0.7203466018760833]}